1,ミュゼプラチナム,お得意様,"価格の推移をずっと見てきましたが、今回かなり下がったので購入しました。
私は首のコリが酷いため、効果があればと思い購入しました。",hebochi,4,20代前半,OL
1,ミュゼプラチナム,気持ちぃぃ,"首こりがひどかったのですが、これを使用することで、大変楽になりました。
とってもいい買い物ができたと思います。",スリーパー,5,30代前半,OL
1,ミュゼプラチナム,おすすめです,"価格の推移をずっと見てきましたが、今回かなり下がったので購入しました。
私は首のコリが酷いため、効果があればと思い購入しました。",よしこ,4,30代前半,OL
2,銀座カラー,安くてよかった,"首こりがひどかったのですが、これを使用することで、大変楽になりました。
とってもいい買い物ができたと思います。",Customer,3,20代後半,OL
2,銀座カラー,勧誘がなかった,"価格の推移をずっと見てきましたが、今回かなり下がったので購入しました。
私は首のコリが酷いため、効果があればと思い購入しました。",ユーザー,4,20代後半,OL
2,銀座カラー,お財布に優しい,"首こりがひどかったのですが、これを使用することで、大変楽になりました。
とってもいい買い物ができたと思います。",Beauty,5,10代後半,学生
3,脱毛ラボ,気遣いが素晴らしい,"価格の推移をずっと見てきましたが、今回かなり下がったので購入しました。
私は首のコリが酷いため、効果があればと思い購入しました。",たらこ,5,20代後半,ショップ店員
3,脱毛ラボ,勧誘なし！,"首こりがひどかったのですが、これを使用することで、大変楽になりました。
とってもいい買い物ができたと思います。",山田花子,5,30代前半,美容関係
3,脱毛ラボ,寝てしまった,"価格の推移をずっと見てきましたが、今回かなり下がったので購入しました。
私は首のコリが酷いため、効果があればと思い購入しました。",まゆみん,4,30代後半,ショップ店員
4,シースリー,おすすめできるかな,"首こりがひどかったのですが、これを使用することで、大変楽になりました。
とってもいい買い物ができたと思います。",りさりさ,5,20代前半,OL
4,シースリー,大満足,"価格の推移をずっと見てきましたが、今回かなり下がったので購入しました。
私は首のコリが酷いため、効果があればと思い購入しました。",Hirokomix,4,20代後半,OL
